{"X_set": [["Area Id", 3.0]], "Y_set": [["Agency", "OP"]], "sup": 0.18262975662417424, "conf": 1.0, "lift": 1.0, "jaccard": 0.18262975662417424}
{"X_set": [["Area Id", 2.0]], "Y_set": [["Agency", "OP"]], "sup": 0.3756187876516554, "conf": 1.0, "lift": 1.0, "jaccard": 0.3756187876516554}
{"X_set": [["Priority", 2.0]], "Y_set": [["Agency", "OP"]], "sup": 0.7952533043959793, "conf": 1.0, "lift": 1.0, "jaccard": 0.7952533043959793}
{"X_set": [["Area Id", 1.0]], "Y_set": [["Agency", "OP"]], "sup": 0.44175145572417035, "conf": 1.0, "lift": 1.0, "jaccard": 0.44175145572417035}
{"X_set": [["Priority", 1.0]], "Y_set": [["Agency", "OP"]], "sup": 0.2047355084826348, "conf": 1.0, "lift": 1.0, "jaccard": 0.2047355084826348}
{"X_set": [["Area Id", 1.0]], "Y_set": [["Priority", 2.0]], "sup": 0.35613082219748626, "conf": 0.8061791706236151, "lift": 1.0137388504609035, "jaccard": 0.40429260858521715}
{"X_set": [["Area Id", 1.0]], "Y_set": [["Priority", 2.0], ["Agency", "OP"]], "sup": 0.35613082219748626, "conf": 0.8061791706236151, "lift": 1.0137388504609035, "jaccard": 0.40429260858521715}
{"X_set": [["Agency", "OP"]], "Y_set": [["Priority", 2.0]], "sup": 0.7952533043959793, "conf": 0.7952533043959793, "lift": 1.0, "jaccard": 0.7952533043959793}
{"X_set": [["Area Id", 2.0]], "Y_set": [["Priority", 2.0]], "sup": 0.2960951352802654, "conf": 0.7882862759113654, "lift": 0.9912392335296165, "jaccard": 0.3384807212737388}
{"X_set": [["Area Id", 2.0]], "Y_set": [["Priority", 2.0], ["Agency", "OP"]], "sup": 0.2960951352802654, "conf": 0.7882862759113654, "lift": 0.9912392335296165, "jaccard": 0.3384807212737388}
{"X_set": [["Area Id", 3.0]], "Y_set": [["Priority", 2.0]], "sup": 0.14302734691822774, "conf": 0.7831546707503829, "lift": 0.9847864402716494, "jaccard": 0.1713198394672134}
{"X_set": [["Area Id", 3.0]], "Y_set": [["Priority", 2.0], ["Agency", "OP"]], "sup": 0.14302734691822774, "conf": 0.7831546707503829, "lift": 0.9847864402716494, "jaccard": 0.1713198394672134}
