{"set": [["Agency", "OP"]], "sup": 1.0}
{"set": [["Priority", 2.0]], "sup": 0.7952533043959793}
{"set": [["Priority", 2.0], ["Agency", "OP"]], "sup": 0.7952533043959793}
{"set": [["Area Id", 1.0]], "sup": 0.44175145572417035}
{"set": [["Agency", "OP"], ["Area Id", 1.0]], "sup": 0.44175145572417035}
{"set": [["Area Id", 2.0]], "sup": 0.3756187876516554}
{"set": [["Agency", "OP"], ["Area Id", 2.0]], "sup": 0.3756187876516554}
{"set": [["Priority", 2.0], ["Area Id", 1.0]], "sup": 0.35613082219748626}
{"set": [["Priority", 2.0], ["Agency", "OP"], ["Area Id", 1.0]], "sup": 0.35613082219748626}
{"set": [["Priority", 2.0], ["Area Id", 2.0]], "sup": 0.2960951352802654}
{"set": [["Priority", 2.0], ["Agency", "OP"], ["Area Id", 2.0]], "sup": 0.2960951352802654}
{"set": [["Priority", 1.0]], "sup": 0.2047355084826348}
{"set": [["Priority", 1.0], ["Agency", "OP"]], "sup": 0.2047355084826348}
{"set": [["Area Id", 3.0]], "sup": 0.18262975662417424}
{"set": [["Area Id", 3.0], ["Agency", "OP"]], "sup": 0.18262975662417424}
{"set": [["Priority", 2.0], ["Area Id", 3.0]], "sup": 0.14302734691822774}
{"set": [["Priority", 2.0], ["Area Id", 3.0], ["Agency", "OP"]], "sup": 0.14302734691822774}
